query,Recall
16,0.875
1,1.0
17,1.0
5,1.0
6,1.0
7,1.0
24,0.5
9,1.0
10,1.0
13,0.8214285714285714
14,0.84
15,0.8918918918918919
