query,Recall
1,1.0
2,1.0
3,0.6195426195426196
4,0.0
5,0.002377448205592664
6,0.0
7,0.0
8,0.0
9,1.0
10,0.0
11,0.07142857142857142
12,0.0
