query,Recall
1,1.0
2,1.0
3,0.0
4,1.0
5,1.0
6,1.0
7,0.8490566037735849
8,NaN
9,1.0
10,1.0
11,1.0
12,0.6666666666666666
13,0.03225806451612903
14,0.0
15,1.0
16,1.0
17,1.0
18,0.3
19,0.0
20,1.0
21,1.0
22,0.0
23,0.47368421052631576
24,1.0
25,1.0
26,0.0
27,0.0
28,1.0
29,1.0
30,1.0
31,1.0
32,1.0
33,0.0
34,1.0
35,0.5
36,1.0
37,1.0
38,1.0
39,1.0
40,1.0
41,0.0
42,0.2
43,0.0
44,1.0
45,1.0
46,1.0
47,1.0
48,1.0
49,1.0
50,0.0
